Account,"Transacion No",Amount,Currency,Date
Revolut,624c54e8-603a-a442-a3ce-dd9e0ef91d6e,-91.82,EUR,"2022-04-06 00:00:00"
Revolut,624856e0-f75f-a0ef-8034-c42343ea0754,-6.14,EUR,"2022-04-05 00:00:00"
Revolut,624807a1-56b8-ac19-bc71-676ee091face,-39.20,EUR,"2022-04-03 00:00:00"
Revolut,62470b0a-6dff-a5c4-a44a-fc4671d9bfb1,-24.50,EUR,"2022-04-02 00:00:00"
Revolut,623a1ceb-1549-a2ee-a289-b59459977be4,-34.18,EUR,"2022-03-23 00:00:00"
Revolut,62237665-1f54-a1dd-9e29-8557484f957f,-92.81,EUR,"2022-03-06 00:00:00"
Revolut,621f7886-1ee7-a28b-93eb-d08abdcdd083,-6.14,EUR,"2022-03-05 00:00:00"
Revolut,6220b68d-aacc-ad5b-a335-e011c3ab33eb,-41.40,EUR,"2022-03-04 00:00:00"
Revolut,621e3e26-0a32-aa99-b46b-8319698f5668,-24.27,EUR,"2022-03-02 00:00:00"
Revolut,62173827-d440-a275-8424-61c798506266,180.00,EUR,"2022-02-24 00:00:00"
Revolut,6215410b-cf6c-afb2-91c5-87bc88e78c81,-33.22,EUR,"2022-02-23 00:00:00"
Revolut,62161fae-6d44-acd5-b165-38989e0c2225,1000.00,EUR,"2022-02-23 00:00:00"
Revolut,620150b8-98a5-aa5b-9c23-86d2c051aa67,-19.02,EUR,"2022-02-09 00:00:00"
Revolut,61fe8c93-9a92-a501-a267-112a0a20a19d,-88.60,EUR,"2022-02-06 00:00:00"
Revolut,61fa9467-fdc3-a479-b15a-427a668a7374,-6.14,EUR,"2022-02-05 00:00:00"
Revolut,61faf5b1-5484-a086-8438-0e739fbd1bbf,-44.80,EUR,"2022-02-03 00:00:00"
Revolut,61f95cd4-d2b9-a705-b48e-f989d591433b,-24.04,EUR,"2022-02-02 00:00:00"
Revolut,62603f3b-a2ad-a0e2-a4ff-5fa347323d4f,-1410.00,EUR,"2022-04-21 00:00:00"
Revolut,625fb2aa-1750-a9fc-92b8-fa0334aababb,1500.00,EUR,"2022-04-20 00:00:00"
Revolut,625a983d-dccb-a577-9fc9-81881bcc962f,-93.85,EUR,"2022-04-17 00:00:00"
Revolut,626c0a7a-4254-a707-8582-2c5cdc24b311,-166.66,EUR,"2022-04-30 00:00:00"
Revolut,6262fb67-c5c0-a040-a989-8fac2a9eae68,-34.92,EUR,"2022-04-23 00:00:00"
Revolut,626f4beb-10fd-ac07-94ff-761faa6d81b7,-39.20,EUR,"2022-05-02 00:00:00"
Revolut,626e9886-efa3-aa3d-b378-470362bbdc73,-25.92,EUR,"2022-05-02 00:00:00"
Revolut,628a8864-bb5f-ad1d-afd9-8a9245d02295,-36.06,EUR,"2022-05-24 00:00:00"
Revolut,627e4807-dbed-aa1d-90e2-79ef68fea97b,-800.00,EUR,"2022-05-14 00:00:00"
Revolut,627cb048-1aea-a670-a88b-c8b8747b3a91,-50.23,EUR,"2022-05-13 00:00:00"
Revolut,627d09d2-d47f-a933-a110-49ff5897f49a,3000.00,EUR,"2022-05-12 00:00:00"
Revolut,6279033f-7185-a2cc-8b06-6adde5a8e6fa,-1500.00,EUR,"2022-05-10 00:00:00"
Revolut,6278e8ac-2103-a1e4-b4e1-8df1650d80ed,1500.00,EUR,"2022-05-09 00:00:00"
Revolut,6273e1e8-92a1-ab07-b4a4-3c890775417a,-95.24,EUR,"2022-05-06 00:00:00"
Revolut,626fe3ec-41b6-aaca-a8f3-dd2d8f065c3e,-6.14,EUR,"2022-05-05 00:00:00"
Revolut,629cc146-ada8-a068-bff6-2cb005dc7d1b,-94.67,EUR,"2022-06-06 00:00:00"
Revolut,629a0a61-3cc6-ab33-9888-3fa83f06a671,-1500.00,EUR,"2022-06-05 00:00:00"
Revolut,62991e7c-51a9-a0d4-af47-f45632e4c5e9,-6.14,EUR,"2022-06-05 00:00:00"
Revolut,6299b487-8084-a38d-92bc-5d4052a128f5,1500.00,EUR,"2022-06-03 00:00:00"
Revolut,62977b65-66da-a658-bad3-e69c3ba5d6de,-25.32,EUR,"2022-06-02 00:00:00"
Revolut,6297dc29-aa77-ad13-ac76-0a6e9fb73b19,-42.48,EUR,"2022-06-02 00:00:00"
Stripe,txn_3L3THsCDtcRehodE,468.00,CHF,"2022-05-30 00:00:00"
Stripe,txn_3L3THsCDtcRehodE_f0,-13.87,CHF,"2022-05-30 00:00:00"
Stripe,txn_3L2rOTCDtDDhU6IY_f0,-1.03,CHF,"2022-05-27 00:00:00"
Stripe,txn_3L2rOTCDtDDhU6IY,25.00,CHF,"2022-05-27 00:00:00"
Stripe,txn_3L21LrCDtaz0F6wYrB1,25.00,CHF,"2022-05-26 00:00:00"
Stripe,txn_3L29y6CDtaz0EKaXeJ1,25.00,CHF,"2022-05-26 00:00:00"
Stripe,txn_3L2BbiCDtaz0gcWydjE_f0,-1.03,CHF,"2022-05-26 00:00:00"
Stripe,txn_3L2BbiCDtaz0gcWydjE,25.00,CHF,"2022-05-26 00:00:00"
Stripe,txn_3L1vU0CDt4aIk5Zt_f0,-1.03,CHF,"2022-05-26 00:00:00"
Stripe,txn_3L21LrCDtaz0F6wYrB1_f0,-1.03,CHF,"2022-05-26 00:00:00"
Stripe,txn_3L1uHVCDtaz05WWofH5_f0,-1.72,CHF,"2022-05-26 00:00:00"
Stripe,txn_3L2aOiCDtaz0D9D6xSj_f0,-1.72,CHF,"2022-05-26 00:00:00"
Stripe,txn_3L1vU0CDt4aIk5Zt,25.00,CHF,"2022-05-26 00:00:00"
Stripe,txn_3L2aOiCDtaz0D9D6xSj,49.00,CHF,"2022-05-26 00:00:00"
Stripe,txn_3L1uHVCDtaz05WWofH5,49.00,CHF,"2022-05-26 00:00:00"
Stripe,txn_3L29y6CDtaz0EKaXeJ1_f0,-1.03,CHF,"2022-05-26 00:00:00"
Stripe,txn_3L1RBECDtaz02qes0YD,49.00,CHF,"2022-05-25 00:00:00"
Stripe,txn_3Keyz6CDtaz06zeOBMJ,-200.00,CHF,"2022-05-25 00:00:00"
Stripe,txn_3L1RBECDtaz02qes0YD_f0,-1.72,CHF,"2022-05-25 00:00:00"
Stripe,txn_3L15hTCDt5iJ76B7_f0,-1.72,CHF,"2022-05-24 00:00:00"
Stripe,txn_3L15hTCDt5iJ76B7,49.00,CHF,"2022-05-24 00:00:00"
Stripe,txn_3L0h39CDtaz05h8t7pe,25.00,CHF,"2022-05-23 00:00:00"
Stripe,txn_3L0h39CDtaz05h8t7pe_f0,-1.03,CHF,"2022-05-23 00:00:00"
Stripe,txn_3L0K9ZCDtaz09vcTm1O_f0,-13.87,CHF,"2022-05-20 00:00:00"
Stripe,txn_3L0Dr1CDtXsuE1Hf_f0,-1.72,CHF,"2022-05-20 00:00:00"
Stripe,txn_3L0Dr1CDtXsuE1Hf,49.00,CHF,"2022-05-20 00:00:00"
Stripe,txn_3L0K9ZCDtaz09vcTm1O,468.00,CHF,"2022-05-20 00:00:00"
Stripe,txn_3L05RNCDtyPuhDWq_f0,-1.03,CHF,"2022-05-19 00:00:00"
Stripe,txn_3KzNvECDtFBhTEy0_f0,-1.72,CHF,"2022-05-19 00:00:00"
Stripe,txn_3KzGHDCDtvWaCgpu_f0,-0.74,CHF,"2022-05-19 00:00:00"
Stripe,txn_3L0CvlCDtaz0sffIaIB_f0,-1.03,CHF,"2022-05-19 00:00:00"
Stripe,txn_3KzbraCDtaz0TcHSedc,25.00,CHF,"2022-05-19 00:00:00"
Stripe,txn_3KzhnTCDtaz02ewPjm7,180.00,CHF,"2022-05-19 00:00:00"
Stripe,txn_3KzhnTCDtaz02ewPjm7_f0,-5.52,CHF,"2022-05-19 00:00:00"
Stripe,txn_3L0CyCCDtaz0tiMHsQi_f0,-1.72,CHF,"2022-05-19 00:00:00"
Stripe,txn_3KzbraCDtaz0TcHSedc_f0,-1.03,CHF,"2022-05-19 00:00:00"
Stripe,txn_3KzGHDCDtvWaCgpu,15.00,CHF,"2022-05-19 00:00:00"
Stripe,txn_3L05RNCDtyPuhDWq,25.00,CHF,"2022-05-19 00:00:00"
Stripe,txn_3L0CvlCDtaz0sffIaIB,25.00,CHF,"2022-05-19 00:00:00"
Stripe,txn_3KzNvECDtFBhTEy0,49.00,CHF,"2022-05-19 00:00:00"
Stripe,txn_3L0CyCCDtaz0tiMHsQi,49.00,CHF,"2022-05-19 00:00:00"
Stripe,txn_3KxgVVCDtaz0bLFYMxz_f0,-1.72,CHF,"2022-05-18 00:00:00"
Stripe,txn_3KytvxCDtaz0h44DpjP,480.00,CHF,"2022-05-18 00:00:00"
Stripe,txn_1L0f5oCDtazr9agthHQ,-1.03,CHF,"2022-05-18 00:00:00"
Stripe,txn_3KxgVVCDtaz0bLFYMxz,49.00,CHF,"2022-05-18 00:00:00"
Stripe,txn_3Kz6iXCDtaz00BvCjIV_f0,-0.74,CHF,"2022-05-18 00:00:00"
Stripe,txn_3Kz6iXCDtaz00BvCjIV,15.00,CHF,"2022-05-18 00:00:00"
Stripe,txn_3KytvxCDtaz0h44DpjP_f0,-14.22,CHF,"2022-05-18 00:00:00"
Stripe,txn_3Kw0tZCDtaz08avrmFn,-25.00,CHF,"2022-05-17 00:00:00"
Stripe,txn_3KyeVDCDtV0ZKDuf_f0,-5.52,CHF,"2022-05-17 00:00:00"
Stripe,txn_3KyeVDCDtV0ZKDuf,180.00,CHF,"2022-05-17 00:00:00"
Stripe,txn_1L0Q2GCDtazxGHNvh7b,1.03,CHF,"2022-05-17 00:00:00"
Stripe,txn_3KyUppCDt1n1crpp_f0,-0.74,CHF,"2022-05-17 00:00:00"
Stripe,txn_3KycOVCDtaz0dGqUB4y_f0,-5.52,CHF,"2022-05-17 00:00:00"
Stripe,txn_3KybmjCDt7DF2fNe_f0,-1.72,CHF,"2022-05-17 00:00:00"
Stripe,txn_3KyUppCDt1n1crpp,15.00,CHF,"2022-05-17 00:00:00"
Stripe,txn_3KycOVCDtaz0dGqUB4y,180.00,CHF,"2022-05-17 00:00:00"
Stripe,txn_3KybmjCDt7DF2fNe,49.00,CHF,"2022-05-17 00:00:00"
Stripe,txn_3KyMQ9CDtLcSCrlN_f0,-1.72,CHF,"2022-05-16 00:00:00"
Stripe,txn_3KyHGkCDtaz0PuUUyLz_f0,-5.52,CHF,"2022-05-16 00:00:00"
Stripe,txn_3KyHGkCDtaz0PuUUyLz,180.00,CHF,"2022-05-16 00:00:00"
Stripe,txn_3KyBzJCDtzpS5r54,25.00,CHF,"2022-05-16 00:00:00"
Stripe,txn_3KyCl7CDtaz0kJKoSs7_f0,-5.52,CHF,"2022-05-16 00:00:00"
Stripe,txn_3KyMQ9CDtLcSCrlN,49.00,CHF,"2022-05-16 00:00:00"
Stripe,txn_3KyBzJCDtzpS5r54_f0,-1.03,CHF,"2022-05-16 00:00:00"
Stripe,txn_3KyJOKCDt68XmxrD_f0,-5.52,CHF,"2022-05-16 00:00:00"
Stripe,txn_3KyCl7CDtaz0kJKoSs7,180.00,CHF,"2022-05-16 00:00:00"
Stripe,txn_3KyJOKCDt68XmxrD,180.00,CHF,"2022-05-16 00:00:00"
Stripe,txn_3KrjhLCDtaz0gz5cvJc,-174.48,CHF,"2022-05-16 00:00:00"
Stripe,txn_3KxnuqCDtaz0UYzoyew_f0,-1.03,CHF,"2022-05-13 00:00:00"
Stripe,txn_3KxnuqCDtaz0UYzoyew,25.00,CHF,"2022-05-13 00:00:00"
Stripe,txn_3KxoHRCDtwU0sMYA_f0,-1.03,CHF,"2022-05-13 00:00:00"
Stripe,txn_3KxpHxCDtrsD1eVG,49.00,CHF,"2022-05-13 00:00:00"
Stripe,txn_3KxoHRCDtwU0sMYA,25.00,CHF,"2022-05-13 00:00:00"
Stripe,txn_3KxpHxCDtrsD1eVG_f0,-1.72,CHF,"2022-05-13 00:00:00"
Stripe,txn_3KxTrdCDtaz0OPtHMzb,49.00,CHF,"2022-05-12 00:00:00"
Stripe,txn_3KwqafCDtaJfB0LQ_f0,-1.72,CHF,"2022-05-12 00:00:00"
Stripe,txn_3KxTrdCDtaz0OPtHMzb_f0,-1.72,CHF,"2022-05-12 00:00:00"
Stripe,txn_3KwuLtCDtaz0yDHazGF,25.00,CHF,"2022-05-12 00:00:00"
Stripe,txn_3KxQ9tCDtCTxXbKE,228.00,CHF,"2022-05-12 00:00:00"
Stripe,txn_3Kx5G3CDtaz0GPgpOuL_f0,-1.03,CHF,"2022-05-12 00:00:00"
Stripe,txn_3KwqafCDtaJfB0LQ,49.00,CHF,"2022-05-12 00:00:00"
Stripe,txn_3KxQ9tCDtCTxXbKE_f0,-6.91,CHF,"2022-05-12 00:00:00"
Stripe,txn_3KwwgzCDtZQcvEdD,468.00,CHF,"2022-05-12 00:00:00"
Stripe,txn_3KwwgzCDtZQcvEdD_f0,-13.87,CHF,"2022-05-12 00:00:00"
Stripe,txn_3Kwwi6CDtaz0aoTJY4a,25.00,CHF,"2022-05-12 00:00:00"
Stripe,txn_3KxQ8lCDtaz03TitWRx,240.00,CHF,"2022-05-12 00:00:00"
Stripe,txn_3Kwwi6CDtaz0aoTJY4a_f0,-1.03,CHF,"2022-05-12 00:00:00"
Stripe,txn_3KwuLtCDtaz0yDHazGF_f0,-1.03,CHF,"2022-05-12 00:00:00"
Stripe,txn_3Kx5G3CDtaz0GPgpOuL,25.00,CHF,"2022-05-12 00:00:00"
Stripe,txn_3KxQ8lCDtaz03TitWRx_f0,-7.26,CHF,"2022-05-12 00:00:00"
Stripe,txn_3KwPkzCDtaz0MHoswpw_f0,-1.72,CHF,"2022-05-11 00:00:00"
Stripe,txn_3KwTgdCDtaz0umLYlwG,468.00,CHF,"2022-05-11 00:00:00"
Stripe,txn_3KwPkzCDtaz0MHoswpw,49.00,CHF,"2022-05-11 00:00:00"
Stripe,txn_3KwYB6CDtaz0TOfBfpT_f0,-1.03,CHF,"2022-05-11 00:00:00"
Stripe,txn_3KwYB6CDtaz0TOfBfpT,25.00,CHF,"2022-05-11 00:00:00"
Stripe,txn_3KwTgdCDtaz0umLYlwG_f0,-13.87,CHF,"2022-05-11 00:00:00"
Stripe,txn_3Kw64oCDtaz0dtyNtK7_f0,-1.03,CHF,"2022-05-10 00:00:00"
Stripe,txn_3Kw0tZCDtaz0uio7Hlo,25.00,CHF,"2022-05-10 00:00:00"
Stripe,txn_3KvzbsCDtBAfPgEK,49.00,CHF,"2022-05-10 00:00:00"
Stripe,txn_3KwBV7CDtDVvrxL7_f0,-1.03,CHF,"2022-05-10 00:00:00"
Stripe,txn_3KwBV7CDtDVvrxL7,25.00,CHF,"2022-05-10 00:00:00"
Stripe,txn_3KvzbsCDtBAfPgEK_f0,-1.72,CHF,"2022-05-10 00:00:00"
Stripe,txn_3Kw0tZCDtaz0uio7Hlo_f0,-1.03,CHF,"2022-05-10 00:00:00"
Stripe,txn_3Kw64oCDtaz0dtyNtK7,25.00,CHF,"2022-05-10 00:00:00"
Stripe,txn_3KvfBsCDtaz0NDEpWZo,15.00,CHF,"2022-05-09 00:00:00"
Stripe,txn_3KvkcJCDtaz0Zhv5LVd,25.00,CHF,"2022-05-09 00:00:00"
Stripe,txn_3KvfBsCDtaz0NDEpWZo_f0,-0.74,CHF,"2022-05-09 00:00:00"
Stripe,txn_3KvhmNCDtaz0gJ3cLhg,25.00,CHF,"2022-05-09 00:00:00"
Stripe,txn_3KvkcJCDtaz0Zhv5LVd_f0,-1.03,CHF,"2022-05-09 00:00:00"
Stripe,txn_3KvhmNCDtaz0gJ3cLhg_f0,-1.03,CHF,"2022-05-09 00:00:00"
Stripe,txn_3KvNqxCDtuFB5Tp8,25.00,CHF,"2022-05-06 00:00:00"
Stripe,txn_3KvNqxCDtuFB5Tp8_f0,-1.03,CHF,"2022-05-06 00:00:00"
Stripe,txn_3KuBtcCDtaz079NBohh,25.00,CHF,"2022-05-05 00:00:00"
Stripe,txn_3KuJj2CDtFYPUbEj,49.00,CHF,"2022-05-05 00:00:00"
Stripe,txn_3KuE0lCDtaz05ZmP83O,25.00,CHF,"2022-05-05 00:00:00"
Stripe,txn_3KuJj2CDtFYPUbEj_f0,-1.72,CHF,"2022-05-05 00:00:00"
Stripe,txn_3KuPAICDtL8r4xqw,25.00,CHF,"2022-05-05 00:00:00"
Stripe,txn_3KuE0lCDtaz05ZmP83O_f0,-1.03,CHF,"2022-05-05 00:00:00"
Stripe,txn_3KuFZICDtEPWMLCV_f0,-1.72,CHF,"2022-05-05 00:00:00"
Stripe,txn_3KuEY6CDtVnABqC8,49.00,CHF,"2022-05-05 00:00:00"
Stripe,txn_3KuDFzCDtkgi7AAJ,49.00,CHF,"2022-05-05 00:00:00"
Stripe,txn_3KuEY6CDtVnABqC8_f0,-1.72,CHF,"2022-05-05 00:00:00"
Stripe,txn_3KuBtcCDtaz079NBohh_f0,-1.03,CHF,"2022-05-05 00:00:00"
Stripe,txn_3KuDFzCDtkgi7AAJ_f0,-1.72,CHF,"2022-05-05 00:00:00"
Stripe,txn_3KuFZICDtEPWMLCV,49.00,CHF,"2022-05-05 00:00:00"
Stripe,txn_3KuPAICDtL8r4xqw_f0,-1.03,CHF,"2022-05-05 00:00:00"
Stripe,txn_1KunkuCDtazhJ2P0ZIM,-4396.52,CHF,"2022-05-04 00:00:00"
Stripe,txn_3KtZdcCDt9DyE7mR,468.00,CHF,"2022-05-03 00:00:00"
Stripe,txn_3KtUqHCDtaz03WURvPY,25.00,CHF,"2022-05-03 00:00:00"
Stripe,txn_3KtZdcCDt9DyE7mR_f0,-13.87,CHF,"2022-05-03 00:00:00"
Stripe,txn_3KtXfHCDtBGLoeYJ,25.00,CHF,"2022-05-03 00:00:00"
Stripe,txn_3KtXfHCDtBGLoeYJ_f0,-1.03,CHF,"2022-05-03 00:00:00"
Stripe,txn_3KtUqHCDtaz03WURvPY_f0,-1.03,CHF,"2022-05-03 00:00:00"
Stripe,txn_3KtDLtCDtaz0hE1n7Qu,25.00,CHF,"2022-05-02 00:00:00"
Stripe,txn_3Kt6vMCDtaz0ia8aaUE_f0,-1.03,CHF,"2022-05-02 00:00:00"
Stripe,txn_3Kt6vMCDtaz0ia8aaUE,25.00,CHF,"2022-05-02 00:00:00"
Stripe,txn_3KtICqCDtaz0c8Dbm6m,25.00,CHF,"2022-05-02 00:00:00"
Stripe,txn_3KtJtQCDtb1Rv3IE_f0,-1.03,CHF,"2022-05-02 00:00:00"
Stripe,txn_3KtICqCDtaz0c8Dbm6m_f0,-1.03,CHF,"2022-05-02 00:00:00"
Stripe,txn_3KtDLtCDtaz0hE1n7Qu_f0,-1.03,CHF,"2022-05-02 00:00:00"
Stripe,txn_3KtJtQCDtb1Rv3IE,25.00,CHF,"2022-05-02 00:00:00"
Stripe,txn_3KsrpNCDtxtvUPVa,25.00,CHF,"2022-04-29 00:00:00"
Stripe,txn_3KsrpNCDtxtvUPVa_f0,-1.03,CHF,"2022-04-29 00:00:00"
Stripe,txn_3KsERjCDtmUff6KD,180.00,CHF,"2022-04-28 00:00:00"
Stripe,txn_3KsERjCDtmUff6KD_f0,-5.52,CHF,"2022-04-28 00:00:00"
Stripe,txn_3KonlQCDtBOkZs1y_f0,-1.03,CHF,"2022-04-28 00:00:00"
Stripe,txn_3KrjhLCDtaz0yP9f2wb_f0,-5.52,CHF,"2022-04-28 00:00:00"
Stripe,txn_3Kri5RCDtaz0qvE1vVz,49.00,CHF,"2022-04-28 00:00:00"
Stripe,txn_3Kri5RCDtaz0qvE1vVz_f0,-1.72,CHF,"2022-04-28 00:00:00"
Stripe,txn_3KonlQCDtBOkZs1y,25.00,CHF,"2022-04-28 00:00:00"
Stripe,txn_3KrjhLCDtaz0yP9f2wb,180.00,CHF,"2022-04-28 00:00:00"
Stripe,txn_3KrPjACDtaz0OhXIYdp,468.00,CHF,"2022-04-27 00:00:00"
Stripe,txn_3KrHfRCDtaz0rr8IoOm_f0,-1.03,CHF,"2022-04-27 00:00:00"
Stripe,txn_3KrHfRCDtaz0rr8IoOm,25.00,CHF,"2022-04-27 00:00:00"
Stripe,txn_3KrJINCDt6d7EyGp,25.00,CHF,"2022-04-27 00:00:00"
Stripe,txn_3KrPjACDtaz0OhXIYdp_f0,-13.87,CHF,"2022-04-27 00:00:00"
Stripe,txn_3KrJINCDt6d7EyGp_f0,-1.03,CHF,"2022-04-27 00:00:00"
Stripe,txn_3KqtQJCDtaz0XY5hJqI_f0,-7.26,CHF,"2022-04-26 00:00:00"
Stripe,txn_3Kr1zvCDthOajgzb,49.00,CHF,"2022-04-26 00:00:00"
Stripe,txn_3KqtQJCDtaz0XY5hJqI,240.00,CHF,"2022-04-26 00:00:00"
Stripe,txn_3Kr3AtCDtbRGoSQE_f0,-1.03,CHF,"2022-04-26 00:00:00"
Stripe,txn_3Kr90KCDtEIMrNmE_f0,-1.03,CHF,"2022-04-26 00:00:00"
Stripe,txn_3Kr3AtCDtbRGoSQE,25.00,CHF,"2022-04-26 00:00:00"
Stripe,txn_3Kr1zvCDthOajgzb_f0,-1.72,CHF,"2022-04-26 00:00:00"
Stripe,txn_3Kr90KCDtEIMrNmE,25.00,CHF,"2022-04-26 00:00:00"
Stripe,txn_3KqmfCCDtaz0TZgh3cF,25.00,CHF,"2022-04-25 00:00:00"
Stripe,txn_3KqWggCDtaz01zxdzIb,240.00,CHF,"2022-04-25 00:00:00"
Stripe,txn_3Kqg40CDtaz0krRlXYi,25.00,CHF,"2022-04-25 00:00:00"
Stripe,txn_3KqmfCCDtaz0TZgh3cF_f0,-1.03,CHF,"2022-04-25 00:00:00"
Stripe,txn_3KqWggCDtaz01zxdzIb_f0,-7.26,CHF,"2022-04-25 00:00:00"
Stripe,txn_3KqYr6CDtM81sQUo,49.00,CHF,"2022-04-25 00:00:00"
Stripe,txn_3KqYr6CDtM81sQUo_f0,-1.72,CHF,"2022-04-25 00:00:00"
Stripe,txn_3Kqg40CDtaz0krRlXYi_f0,-1.03,CHF,"2022-04-25 00:00:00"
Stripe,txn_3KojXECDtaz0PRbmSNX_f0,-1.03,CHF,"2022-04-22 00:00:00"
Stripe,txn_3KponlCDtaz0vEinEST_f0,-1.03,CHF,"2022-04-22 00:00:00"
Stripe,txn_3KponlCDtaz0vEinEST,25.00,CHF,"2022-04-22 00:00:00"
Stripe,txn_3KpKcbCDtaz0jcjBcby,25.00,CHF,"2022-04-22 00:00:00"
Stripe,txn_3KpLZ4CDtaz04d3U5Do_f0,-1.72,CHF,"2022-04-22 00:00:00"
Stripe,txn_3KpDBeCDtlwTzUDl,25.00,CHF,"2022-04-22 00:00:00"
Stripe,txn_3KpKcbCDtaz0jcjBcby_f0,-1.03,CHF,"2022-04-22 00:00:00"
Stripe,txn_3KpDBeCDtlwTzUDl_f0,-1.03,CHF,"2022-04-22 00:00:00"
Stripe,txn_3Kp557CDtaz0guhCjY5,180.00,CHF,"2022-04-22 00:00:00"
Stripe,txn_3KpLZ4CDtaz04d3U5Do,49.00,CHF,"2022-04-22 00:00:00"
Stripe,txn_3KojXECDtaz0PRbmSNX,25.00,CHF,"2022-04-22 00:00:00"
Stripe,txn_3Kp557CDtaz0guhCjY5_f0,-5.52,CHF,"2022-04-22 00:00:00"
Stripe,txn_3KoTLECDtaz0Q7klmkX,180.00,CHF,"2022-04-21 00:00:00"
Stripe,txn_3KoNydCDtaz0Stto3kg_f0,-0.74,CHF,"2022-04-21 00:00:00"
Stripe,txn_3KoVaLCDtW6Dv677_f0,-1.72,CHF,"2022-04-21 00:00:00"
Stripe,txn_3KoNydCDtaz0Stto3kg,15.00,CHF,"2022-04-21 00:00:00"
Stripe,txn_3KoVaLCDtW6Dv677,49.00,CHF,"2022-04-21 00:00:00"
Stripe,txn_3KoTLECDtaz0Q7klmkX_f0,-5.52,CHF,"2022-04-21 00:00:00"
Stripe,txn_3KoESfCDtaz0lpkE2z9,15.00,CHF,"2022-04-20 00:00:00"
Stripe,txn_3KoESfCDtaz0lpkE2z9_f0,-0.74,CHF,"2022-04-20 00:00:00"
Stripe,txn_3KncTDCDtaz0rn2ifei,15.00,CHF,"2022-04-19 00:00:00"
Stripe,txn_3KncTDCDtaz0rn2ifei_f0,-0.74,CHF,"2022-04-19 00:00:00"
Stripe,txn_3KmvfHCDtUNkmjwO_f0,-1.03,CHF,"2022-04-14 00:00:00"
Stripe,txn_3KmbaaCDtaz08uNksac,49.00,CHF,"2022-04-14 00:00:00"
Stripe,txn_3Kmvw8CDtg3qIFyv_f0,-1.03,CHF,"2022-04-14 00:00:00"
Stripe,txn_3KnU3mCDtaz0sgKiKan_f0,-1.72,CHF,"2022-04-14 00:00:00"
Stripe,txn_3KmoFHCDtaz0zfpgNoY,49.00,CHF,"2022-04-14 00:00:00"
Stripe,txn_3Kmx0ACDtG3Dnv4D_f0,-1.72,CHF,"2022-04-14 00:00:00"
Stripe,txn_3KmbaaCDtaz08uNksac_f0,-1.72,CHF,"2022-04-14 00:00:00"
Stripe,txn_3Kmvw8CDtg3qIFyv,25.00,CHF,"2022-04-14 00:00:00"
Stripe,txn_3KmveVCDtaz0hOCfJrQ,180.00,CHF,"2022-04-14 00:00:00"
Stripe,txn_3KnU3mCDtaz0sgKiKan,49.00,CHF,"2022-04-14 00:00:00"
Stripe,txn_3KmveVCDtaz0hOCfJrQ_f0,-5.52,CHF,"2022-04-14 00:00:00"
Stripe,txn_3KnJd9CDtaz0L76vcGs_f0,-1.03,CHF,"2022-04-14 00:00:00"
Stripe,txn_3KmvfHCDtUNkmjwO,25.00,CHF,"2022-04-14 00:00:00"
Stripe,txn_3Kmx0ACDtG3Dnv4D,49.00,CHF,"2022-04-14 00:00:00"
Stripe,txn_3KmoFHCDtaz0zfpgNoY_f0,-1.72,CHF,"2022-04-14 00:00:00"
Stripe,txn_3KnJd9CDtaz0L76vcGs,25.00,CHF,"2022-04-14 00:00:00"
Stripe,txn_3KmCxICDtPWBfXC7_f0,-1.03,CHF,"2022-04-13 00:00:00"
Stripe,txn_3KmKbwCDtXetmV6U,-174.48,CHF,"2022-04-13 00:00:00"
Stripe,txn_3KmKbwCDtgm8pnqk,180.00,CHF,"2022-04-13 00:00:00"
Stripe,txn_3KmCxICDtPWBfXC7,25.00,CHF,"2022-04-13 00:00:00"
Stripe,txn_3KmKbwCDtgm8pnqk_f0,-5.52,CHF,"2022-04-13 00:00:00"
Stripe,txn_3Klv04CDtyFfCUvm_f0,-5.52,CHF,"2022-04-12 00:00:00"
Stripe,txn_3Km1uRCDtaz0eZ2PJ1U,25.00,CHF,"2022-04-12 00:00:00"
Stripe,txn_3Km1uRCDtaz0eZ2PJ1U_f0,-1.03,CHF,"2022-04-12 00:00:00"
Stripe,txn_3Km4KzCDtBbZsrxy,25.00,CHF,"2022-04-12 00:00:00"
Stripe,txn_3Km4KzCDtBbZsrxy_f0,-1.03,CHF,"2022-04-12 00:00:00"
Stripe,txn_3KlyIpCDtyTM5T5G,49.00,CHF,"2022-04-12 00:00:00"
Stripe,txn_3KlyIpCDtyTM5T5G_f0,-1.72,CHF,"2022-04-12 00:00:00"
Stripe,txn_3Klv04CDtyFfCUvm,180.00,CHF,"2022-04-12 00:00:00"
Stripe,txn_3KlaJGCDtaz0aDriJpV_f0,-1.03,CHF,"2022-04-11 00:00:00"
Stripe,txn_3KlaJGCDtaz0aDriJpV,25.00,CHF,"2022-04-11 00:00:00"
Stripe,txn_3KlXSJCDtaz0WpfkbPt,49.00,CHF,"2022-04-11 00:00:00"
Stripe,txn_3KlXSJCDtaz0WpfkbPt_f0,-1.72,CHF,"2022-04-11 00:00:00"
Stripe,txn_3Kl8bDCDtTHOXVXg_f0,-1.03,CHF,"2022-04-08 00:00:00"
Stripe,txn_3Kl8bDCDtTHOXVXg,25.00,CHF,"2022-04-08 00:00:00"
Stripe,txn_3KlJAQCDtaz0okuGXdu,25.00,CHF,"2022-04-08 00:00:00"
Stripe,txn_3Kl6HfCDtaz0BZKk6yE,49.00,CHF,"2022-04-08 00:00:00"
Stripe,txn_3Kl6HfCDtaz0BZKk6yE_f0,-1.72,CHF,"2022-04-08 00:00:00"
Stripe,txn_3KlJAQCDtaz0okuGXdu_f0,-1.03,CHF,"2022-04-08 00:00:00"
Stripe,txn_3Kkpq6CDtaz0RfmbY7o,468.00,CHF,"2022-04-07 00:00:00"
Stripe,txn_3KjlzdCDtROMmsRW,180.00,CHF,"2022-04-07 00:00:00"
Stripe,txn_3KkpQdCDtaz0diN7nO4,25.00,CHF,"2022-04-07 00:00:00"
Stripe,txn_3KkVbYCDtaz0oZmbJpJ,25.00,CHF,"2022-04-07 00:00:00"
Stripe,txn_3KkmwyCDtaz0QbCYjvF,15.00,CHF,"2022-04-07 00:00:00"
Stripe,txn_3KkVbYCDtaz0oZmbJpJ_f0,-1.03,CHF,"2022-04-07 00:00:00"
Stripe,txn_3KksKUCDtgvBg4VT_f0,-1.03,CHF,"2022-04-07 00:00:00"
Stripe,txn_3KkpQdCDtaz0diN7nO4_f0,-1.03,CHF,"2022-04-07 00:00:00"
Stripe,txn_3KjlzdCDtROMmsRW_f0,-5.52,CHF,"2022-04-07 00:00:00"
Stripe,txn_3KksKUCDtgvBg4VT,25.00,CHF,"2022-04-07 00:00:00"
Stripe,txn_3Kkpq6CDtaz07DMIFob,-15.00,CHF,"2022-04-07 00:00:00"
Stripe,txn_3KkmwyCDtaz0QbCYjvF_f0,-0.74,CHF,"2022-04-07 00:00:00"
Stripe,txn_3Kkpq6CDtaz0RfmbY7o_f0,-13.87,CHF,"2022-04-07 00:00:00"
Stripe,txn_3KjNG5CDtQmh8Eua_f0,-1.72,CHF,"2022-04-05 00:00:00"
Stripe,txn_3JX86lCDtf3WlwWg,-76.43,CHF,"2022-04-05 00:00:00"
Stripe,txn_3KjLjJCDtuxs1qzm,25.00,CHF,"2022-04-05 00:00:00"
Stripe,txn_3KjNG5CDtQmh8Eua,49.00,CHF,"2022-04-05 00:00:00"
Stripe,txn_3KjJZ3CDtVg7MXUE_f0,-1.03,CHF,"2022-04-05 00:00:00"
Stripe,txn_3KjJZ3CDtVg7MXUE,25.00,CHF,"2022-04-05 00:00:00"
Stripe,txn_3KjLjJCDtuxs1qzm_f0,-1.03,CHF,"2022-04-05 00:00:00"
Stripe,txn_1KjCjtCDtazr6rtdihC,-7119.03,CHF,"2022-04-04 00:00:00"
Stripe,txn_3KjALlCDtWwNTuJt_f0,-1.03,CHF,"2022-04-04 00:00:00"
Stripe,txn_3Kizo5CDtjkV98uU,49.00,CHF,"2022-04-04 00:00:00"
Stripe,txn_3Kj0RjCDtaz0B6L0GLz_f0,-13.87,CHF,"2022-04-04 00:00:00"
Stripe,txn_3Kizo5CDtjkV98uU_f0,-1.72,CHF,"2022-04-04 00:00:00"
Stripe,txn_3Kj4ooCDtaz0FNP1aMq_f0,-1.72,CHF,"2022-04-04 00:00:00"
Stripe,txn_3KjALlCDtWwNTuJt,25.00,CHF,"2022-04-04 00:00:00"
Stripe,txn_3KixWNCDtaz0EqRBjKH_f0,-1.52,CHF,"2022-04-04 00:00:00"
Stripe,txn_3KixWNCDtaz0EqRBjKH,42.00,CHF,"2022-04-04 00:00:00"
Stripe,txn_3Kj4ooCDtaz0FNP1aMq,49.00,CHF,"2022-04-04 00:00:00"
Stripe,txn_3Kj0RjCDtaz0B6L0GLz,468.00,CHF,"2022-04-04 00:00:00"
Stripe,txn_3KiizuCDt5846AZE,180.00,CHF,"2022-04-01 00:00:00"
Stripe,txn_3KiizuCDt5846AZE_f0,-5.52,CHF,"2022-04-01 00:00:00"
Stripe,txn_3Ki570CDtaz0X2JR6io_f0,-1.03,CHF,"2022-03-31 00:00:00"
Stripe,txn_3KhydbCDtaz0hpKrNWK_f0,-1.03,CHF,"2022-03-31 00:00:00"
Stripe,txn_3Ki3RRCDt9isY3fB_f0,-1.03,CHF,"2022-03-31 00:00:00"
Stripe,txn_3KiG4sCDtaz0cYpQ5KV,25.00,CHF,"2022-03-31 00:00:00"
Stripe,txn_3KiG4sCDtaz0cYpQ5KV_f0,-1.03,CHF,"2022-03-31 00:00:00"
Stripe,txn_3Ki3RRCDt9isY3fB,25.00,CHF,"2022-03-31 00:00:00"
Stripe,txn_3KhydbCDtaz0hpKrNWK,25.00,CHF,"2022-03-31 00:00:00"
Stripe,txn_3Khd2vCDtmSQqA50_f0,-1.03,CHF,"2022-03-31 00:00:00"
Stripe,txn_3Khd2vCDtmSQqA50,25.00,CHF,"2022-03-31 00:00:00"
Stripe,txn_3Ki570CDtaz0X2JR6io,25.00,CHF,"2022-03-31 00:00:00"
Stripe,txn_3KhBKGCDtKLH69fv_f0,-5.52,CHF,"2022-03-30 00:00:00"
Stripe,txn_3KhBKGCDtKLH69fv,180.00,CHF,"2022-03-30 00:00:00"
Stripe,txn_3KhDCDCDtWTO4XTj_f0,-39.10,CHF,"2022-03-30 00:00:00"
Stripe,txn_3KhDCDCDtWTO4XTj,1338.00,CHF,"2022-03-30 00:00:00"
Stripe,txn_3KgTGkCDtYHjK8i1,49.00,CHF,"2022-03-28 00:00:00"
Stripe,txn_3KgTGkCDtYHjK8i1_f0,-1.72,CHF,"2022-03-28 00:00:00"
Stripe,txn_3Kg2w9CDtQxST1Hv,25.00,CHF,"2022-03-25 00:00:00"
Stripe,txn_3Kg4XNCDtaz0Kiw5oxT_f0,-1.03,CHF,"2022-03-25 00:00:00"
Stripe,txn_3Kg2w9CDtQxST1Hv_f0,-1.03,CHF,"2022-03-25 00:00:00"
Stripe,txn_3KgDXCCDtvo3N44A,240.00,CHF,"2022-03-25 00:00:00"
Stripe,txn_3KgDXCCDtvo3N44A_f0,-7.26,CHF,"2022-03-25 00:00:00"
Stripe,txn_3Kg4XNCDtaz0Kiw5oxT,25.00,CHF,"2022-03-25 00:00:00"
Stripe,txn_3Keyz6CDtaz0EgVTAsF,240.00,CHF,"2022-03-24 00:00:00"
Stripe,txn_3KfXoeCDtaz0hqTG1uc_f0,-1.03,CHF,"2022-03-24 00:00:00"
Stripe,txn_3KfnOHCDtaz0E3QX2K2_f0,-1.03,CHF,"2022-03-24 00:00:00"
Stripe,txn_3KfoMSCDtb0uFroi_f0,-1.03,CHF,"2022-03-24 00:00:00"
Stripe,txn_3KfuLQCDtVhYnAZJ_f0,-1.03,CHF,"2022-03-24 00:00:00"
Stripe,txn_3KfXoeCDtaz0hqTG1uc,25.00,CHF,"2022-03-24 00:00:00"
Stripe,txn_3KfnBbCDtaz0CUQl7Lr_f0,-1.72,CHF,"2022-03-24 00:00:00"
Stripe,txn_3KfnOHCDtaz0E3QX2K2,25.00,CHF,"2022-03-24 00:00:00"
Stripe,txn_3KfK6XCDtaz0dl4iGaQ_f0,-1.72,CHF,"2022-03-24 00:00:00"
Stripe,txn_3KfRIHCDtLBKIyI0_f0,-1.03,CHF,"2022-03-24 00:00:00"
Stripe,txn_3KfnBbCDtaz0CUQl7Lr,49.00,CHF,"2022-03-24 00:00:00"
Stripe,txn_3KfuLQCDtVhYnAZJ,25.00,CHF,"2022-03-24 00:00:00"
Stripe,txn_3Keyz6CDtaz0EgVTAsF_f0,-7.26,CHF,"2022-03-24 00:00:00"
Stripe,txn_3KfRIHCDtLBKIyI0,25.00,CHF,"2022-03-24 00:00:00"
Stripe,txn_3KfoMSCDtb0uFroi,25.00,CHF,"2022-03-24 00:00:00"
Stripe,txn_3KfK6XCDtaz0dl4iGaQ,49.00,CHF,"2022-03-24 00:00:00"
Stripe,txn_3KefNVCDtaz0ZdiJ33e_f0,-20.83,CHF,"2022-03-23 00:00:00"
Stripe,txn_3KefNVCDtaz0ZdiJ33e,708.00,CHF,"2022-03-23 00:00:00"
Stripe,txn_3KehsJCDtxqPshjW,25.00,CHF,"2022-03-23 00:00:00"
Stripe,txn_3Kea0JCDtzQQuFxv_f0,-1.03,CHF,"2022-03-23 00:00:00"
Stripe,txn_3Kec4ZCDtWAioTqC,240.00,CHF,"2022-03-23 00:00:00"
Stripe,txn_3Kea0JCDtzQQuFxv,25.00,CHF,"2022-03-23 00:00:00"
Stripe,txn_3KehsJCDtxqPshjW_f0,-1.03,CHF,"2022-03-23 00:00:00"
Stripe,txn_3Kec4ZCDtWAioTqC_f0,-7.26,CHF,"2022-03-23 00:00:00"
Stripe,txn_3Ke6mjCDtOz0Yp6A_f0,-1.72,CHF,"2022-03-22 00:00:00"
Stripe,txn_3KeQiKCDtObc2djc_f0,-5.52,CHF,"2022-03-22 00:00:00"
Stripe,txn_3Ke6mjCDtOz0Yp6A,49.00,CHF,"2022-03-22 00:00:00"
Stripe,txn_3KeQiKCDtObc2djc,180.00,CHF,"2022-03-22 00:00:00"
Stripe,txn_3Ke5tnCDtaz0PWklgzm,25.00,CHF,"2022-03-21 00:00:00"
Stripe,txn_3KdyPJCDtaz0UJmTVWe_f0,-1.03,CHF,"2022-03-21 00:00:00"
Stripe,txn_3KdyPJCDtaz0UJmTVWe,25.00,CHF,"2022-03-21 00:00:00"
Stripe,txn_3Ke5tnCDtaz0PWklgzm_f0,-1.03,CHF,"2022-03-21 00:00:00"
Stripe,txn_3KdUjdCDtQTM00dq_f0,-1.03,CHF,"2022-03-18 00:00:00"
Stripe,txn_3KdV99CDtXUM7CNb,180.00,CHF,"2022-03-18 00:00:00"
Stripe,txn_3KdYzKCDtaz00rDb2SO,25.00,CHF,"2022-03-18 00:00:00"
Stripe,txn_3KdYzKCDtaz00rDb2SO_f0,-1.03,CHF,"2022-03-18 00:00:00"
Stripe,txn_3KXMoECDtmFSys59,-180.00,CHF,"2022-03-18 00:00:00"
Stripe,txn_3KdUjdCDtQTM00dq,25.00,CHF,"2022-03-18 00:00:00"
Stripe,txn_3KdV99CDtXUM7CNb_f0,-5.52,CHF,"2022-03-18 00:00:00"
Stripe,txn_3Kd9CRCDtSQh2QdS,15.00,CHF,"2022-03-17 00:00:00"
Stripe,txn_3Kcze9CDtaz0KHGntnq,15.00,CHF,"2022-03-17 00:00:00"
Stripe,txn_3KdGnkCDtaz0W32l4Vm_f0,-1.72,CHF,"2022-03-17 00:00:00"
Stripe,txn_3KcsSUCDtaz0LPBGdEb,180.00,CHF,"2022-03-17 00:00:00"
Stripe,txn_3KcNfOCDtaz0h88fKhK_f0,-0.74,CHF,"2022-03-17 00:00:00"
Stripe,txn_3KdGnkCDtaz0W32l4Vm,49.00,CHF,"2022-03-17 00:00:00"
Stripe,txn_3KcNfOCDtaz0h88fKhK,15.00,CHF,"2022-03-17 00:00:00"
Stripe,txn_3Kd9CRCDtSQh2QdS_f0,-0.74,CHF,"2022-03-17 00:00:00"
Stripe,txn_3KcsSUCDtaz0LPBGdEb_f0,-5.52,CHF,"2022-03-17 00:00:00"
Stripe,txn_3Kcze9CDtaz0KHGntnq_f0,-0.74,CHF,"2022-03-17 00:00:00"
Stripe,txn_3KcIPfCDt0BPHcKK,468.00,CHF,"2022-03-17 00:00:00"
Stripe,txn_3KcIPfCDtlatR82T,-468.00,CHF,"2022-03-17 00:00:00"
Stripe,txn_3KcIPfCDt0BPHcKK_f0,-13.87,CHF,"2022-03-17 00:00:00"
Stripe,txn_3KbvvICDtVVricxg_f0,-13.87,CHF,"2022-03-16 00:00:00"
Stripe,txn_3Kc3zbCDtaz0Ne5lFJG_f0,-7.26,CHF,"2022-03-16 00:00:00"
Stripe,txn_3KbvvICDtVVricxg,468.00,CHF,"2022-03-16 00:00:00"
Stripe,txn_3KcFIrCDtaz0U5sQEOG,49.00,CHF,"2022-03-16 00:00:00"
Stripe,txn_3KcAOsCDtaz0El0GnjX_f0,-5.52,CHF,"2022-03-16 00:00:00"
Stripe,txn_3Kc4qyCDtaz0Yrax68Z_f0,-1.03,CHF,"2022-03-16 00:00:00"
Stripe,txn_3Kc4qyCDtaz0Yrax68Z,25.00,CHF,"2022-03-16 00:00:00"
Stripe,txn_3KcAOsCDtaz0El0GnjX,180.00,CHF,"2022-03-16 00:00:00"
Stripe,txn_3KcFIrCDtaz0U5sQEOG_f0,-1.72,CHF,"2022-03-16 00:00:00"
Stripe,txn_3Kc3zbCDtaz0Ne5lFJG,240.00,CHF,"2022-03-16 00:00:00"
Stripe,txn_3KbvvICDtENcYO05,-468.00,CHF,"2022-03-16 00:00:00"
Stripe,txn_3KbpcXCDtVF4XxhG,-180.00,CHF,"2022-03-15 00:00:00"
Stripe,txn_3KbiBHCDtaz05QL4ug6,49.00,CHF,"2022-03-15 00:00:00"
Stripe,txn_3KbZRZCDtaz0pRsbWYZ,49.00,CHF,"2022-03-15 00:00:00"
Stripe,txn_3KbiBHCDtaz05QL4ug6_f0,-1.72,CHF,"2022-03-15 00:00:00"
Stripe,txn_3KbpcXCDtB2q9sp6_f0,-5.52,CHF,"2022-03-15 00:00:00"
Stripe,txn_3Kbh9ZCDtaz0HFUBxIv,25.00,CHF,"2022-03-15 00:00:00"
Stripe,txn_3KbpcXCDtB2q9sp6,180.00,CHF,"2022-03-15 00:00:00"
Stripe,txn_3KbZRZCDtaz0pRsbWYZ_f0,-1.72,CHF,"2022-03-15 00:00:00"
Stripe,txn_3Kbh9ZCDtaz0HFUBxIv_f0,-1.03,CHF,"2022-03-15 00:00:00"
Stripe,txn_3Kbgv5CDte8Fxeqx_f0,-1.03,CHF,"2022-03-15 00:00:00"
Stripe,txn_3Kbgv5CDte8Fxeqx,25.00,CHF,"2022-03-15 00:00:00"
Stripe,txn_3KbNDqCDt6gpKu2x_f0,-5.52,CHF,"2022-03-14 00:00:00"
Stripe,txn_3KbPWcCDtaz0DortzQZ_f0,-5.52,CHF,"2022-03-14 00:00:00"
Stripe,txn_3KbMmsCDtGY311ac_f0,-1.72,CHF,"2022-03-14 00:00:00"
Stripe,txn_3KbMmsCDtGY311ac,49.00,CHF,"2022-03-14 00:00:00"
Stripe,txn_3KbNDqCDt6gpKu2x,180.00,CHF,"2022-03-14 00:00:00"
Stripe,txn_3KbPWcCDtaz0DortzQZ,180.00,CHF,"2022-03-14 00:00:00"
Stripe,txn_3KayezCDtpsXLQge,240.00,CHF,"2022-03-11 00:00:00"
Stripe,txn_3Kb7QMCDt7iNe7hM,25.00,CHF,"2022-03-11 00:00:00"
Stripe,txn_3KayDCCDtaz0Ce69EWb_f0,-1.03,CHF,"2022-03-11 00:00:00"
Stripe,txn_3Kb7QMCDt7iNe7hM_f0,-1.03,CHF,"2022-03-11 00:00:00"
Stripe,txn_3KayDCCDtaz0Ce69EWb,25.00,CHF,"2022-03-11 00:00:00"
Stripe,txn_3KayezCDtpsXLQge_f0,-7.26,CHF,"2022-03-11 00:00:00"
Stripe,txn_3KZxMQCDtaz0WpAOl0x,-234.00,CHF,"2022-03-11 00:00:00"
Stripe,txn_3KZl8LCDtaz02d57K4s,240.00,CHF,"2022-03-10 00:00:00"
Stripe,txn_3KaIgwCDta9wX7pH_f0,-1.72,CHF,"2022-03-10 00:00:00"
Stripe,txn_3KaIgwCDta9wX7pH,49.00,CHF,"2022-03-10 00:00:00"
Stripe,txn_3KZtnZCDtaz0peMCi3i,25.00,CHF,"2022-03-10 00:00:00"
Stripe,txn_3KaiXPCDtaz0Y61ixgT,28.00,CHF,"2022-03-10 00:00:00"
Stripe,txn_3Ka4PsCDtHDbTsbT,25.00,CHF,"2022-03-10 00:00:00"
Stripe,txn_3KaiXPCDtaz0Y61ixgT_f0,-1.11,CHF,"2022-03-10 00:00:00"
Stripe,txn_3KZxMQCDtaz0OuAmVAD_f0,-13.87,CHF,"2022-03-10 00:00:00"
Stripe,txn_3Ka6drCDtaz0RrsOSec,25.00,CHF,"2022-03-10 00:00:00"
Stripe,txn_3KapYkCDtaz0fDpLAPK,25.00,CHF,"2022-03-10 00:00:00"
Stripe,txn_3Ka4PsCDtHDbTsbT_f0,-1.03,CHF,"2022-03-10 00:00:00"
Stripe,txn_3Ka6drCDtaz0RrsOSec_f0,-1.03,CHF,"2022-03-10 00:00:00"
Stripe,txn_3KZxMQCDtaz0OuAmVAD,468.00,CHF,"2022-03-10 00:00:00"
Stripe,txn_3KZl8LCDtaz02d57K4s_f0,-7.26,CHF,"2022-03-10 00:00:00"
Stripe,txn_3KaLayCDtuylPvu6_f0,-1.03,CHF,"2022-03-10 00:00:00"
Stripe,txn_3KapYkCDtaz0fDpLAPK_f0,-1.03,CHF,"2022-03-10 00:00:00"
Stripe,txn_3KZtnZCDtaz0peMCi3i_f0,-1.03,CHF,"2022-03-10 00:00:00"
Stripe,txn_3KapYkCDtiNJjPJb_f0,-1.03,CHF,"2022-03-10 00:00:00"
Stripe,txn_3KanBUCDtO0simud,25.00,CHF,"2022-03-10 00:00:00"
Stripe,txn_3KaLayCDtuylPvu6,25.00,CHF,"2022-03-10 00:00:00"
Stripe,txn_3KapYkCDtiNJjPJb,25.00,CHF,"2022-03-10 00:00:00"
Stripe,txn_3KanBUCDtO0simud_f0,-1.03,CHF,"2022-03-10 00:00:00"
Stripe,txn_3KZdYACDtaz0EAAShEC,25.00,CHF,"2022-03-09 00:00:00"
Stripe,txn_3KZY8bCDtaz0P2NwOra_f0,-0.74,CHF,"2022-03-09 00:00:00"
Stripe,txn_3KZZ6BCDtw9ZsxAK_f0,-5.52,CHF,"2022-03-09 00:00:00"
Stripe,txn_3KZdYACDtaz0EAAShEC_f0,-1.03,CHF,"2022-03-09 00:00:00"
Stripe,txn_3KZag5CDtaz0RjgQ1O9_f0,-1.03,CHF,"2022-03-09 00:00:00"
Stripe,txn_3KZY8bCDtaz0P2NwOra,15.00,CHF,"2022-03-09 00:00:00"
Stripe,txn_3KZag5CDtaz0RjgQ1O9,25.00,CHF,"2022-03-09 00:00:00"
Stripe,txn_3KZZ6BCDtw9ZsxAK,180.00,CHF,"2022-03-09 00:00:00"
Stripe,txn_3KZFIoCDtaz0aJVQQre,25.00,CHF,"2022-03-08 00:00:00"
Stripe,txn_3KZGn3CDtIheXiAr_f0,-1.03,CHF,"2022-03-08 00:00:00"
Stripe,txn_3KZFIoCDtaz0aJVQQre_f0,-1.03,CHF,"2022-03-08 00:00:00"
Stripe,txn_3KZGn3CDtIheXiAr,25.00,CHF,"2022-03-08 00:00:00"
Stripe,txn_3KYuBTCDttVJubPa_f0,-5.52,CHF,"2022-03-07 00:00:00"
Stripe,txn_3KYuBTCDttVJubPa,180.00,CHF,"2022-03-07 00:00:00"
Stripe,txn_1KZ3BECDtazZBT7Rd0Q,-4217.48,CHF,"2022-03-04 00:00:00"
Stripe,txn_3KYCcVCDtRZ5HFOR,49.00,CHF,"2022-03-03 00:00:00"
Stripe,txn_3KYIEWCDtUMUx4Rj_f0,-1.03,CHF,"2022-03-03 00:00:00"
Stripe,txn_3KY6y8CDt9jk5GZW_f0,-1.03,CHF,"2022-03-03 00:00:00"
Stripe,txn_3KXpFoCDtaz04Idadlk_f0,-1.03,CHF,"2022-03-03 00:00:00"
Stripe,txn_3KXTiGCDtaz0p1Z2503,25.00,CHF,"2022-03-03 00:00:00"
Stripe,txn_3KYIEWCDtUMUx4Rj,25.00,CHF,"2022-03-03 00:00:00"
Stripe,txn_3KXTiGCDtaz0p1Z2503_f0,-1.03,CHF,"2022-03-03 00:00:00"
Stripe,txn_3KY8UFCDtPzwQj8F,49.00,CHF,"2022-03-03 00:00:00"
Stripe,txn_3KY6hsCDtaz0fRJKS0a_f0,-1.03,CHF,"2022-03-03 00:00:00"
Stripe,txn_3KYCcVCDtRZ5HFOR_f0,-1.72,CHF,"2022-03-03 00:00:00"
Stripe,txn_3KXMoECDtUFKY87E,180.00,CHF,"2022-03-03 00:00:00"
Stripe,txn_3KY4oMCDtaz0qu6EzIf_f0,-1.03,CHF,"2022-03-03 00:00:00"
Stripe,txn_3KXu6jCDtaz0X8HtmCC,25.00,CHF,"2022-03-03 00:00:00"
Stripe,txn_3KXvl1CDtaz0ZlCLwxY_f0,-1.03,CHF,"2022-03-03 00:00:00"
Stripe,txn_3KXu6jCDtaz0X8HtmCC_f0,-1.03,CHF,"2022-03-03 00:00:00"
Stripe,txn_3KY7SmCDt1JdKebe,49.00,CHF,"2022-03-03 00:00:00"
Stripe,txn_3KY7SmCDt1JdKebe_f0,-1.72,CHF,"2022-03-03 00:00:00"
Stripe,txn_3KY4oMCDtaz0qu6EzIf,25.00,CHF,"2022-03-03 00:00:00"
Stripe,txn_3KXvl1CDtaz0ZlCLwxY,25.00,CHF,"2022-03-03 00:00:00"
Stripe,txn_3KY8UFCDtPzwQj8F_f0,-1.72,CHF,"2022-03-03 00:00:00"
Stripe,txn_3KXMoECDtUFKY87E_f0,-5.52,CHF,"2022-03-03 00:00:00"
Stripe,txn_3KY6hsCDtaz0fRJKS0a,25.00,CHF,"2022-03-03 00:00:00"
Stripe,txn_3KXpFoCDtaz04Idadlk,25.00,CHF,"2022-03-03 00:00:00"
Stripe,txn_3KY6y8CDt9jk5GZW,25.00,CHF,"2022-03-03 00:00:00"
Stripe,txn_3KX5EhCDtpdxKR0H_f0,-5.52,CHF,"2022-03-02 00:00:00"
Stripe,txn_3KRXq5CDtOpdhuIb_f0,-1.03,CHF,"2022-03-02 00:00:00"
Stripe,txn_3KRXq5CDtOpdhuIb,25.00,CHF,"2022-03-02 00:00:00"
Stripe,txn_3KX5EhCDtpdxKR0H,180.00,CHF,"2022-03-02 00:00:00"
Stripe,txn_3L56pzCDtxtOuXuW_f0,-1.72,CHF,"2022-06-02 00:00:00"
Stripe,txn_3L52LoCDtajhcQKC,25.00,CHF,"2022-06-02 00:00:00"
Stripe,txn_3L4i9FCDtaz08FCqfbS_f0,-1.03,CHF,"2022-06-02 00:00:00"
Stripe,txn_3L56pzCDtxtOuXuW,49.00,CHF,"2022-06-02 00:00:00"
Stripe,txn_3L52LoCDtajhcQKC_f0,-1.03,CHF,"2022-06-02 00:00:00"
Stripe,txn_3L4i9FCDtaz08FCqfbS,25.00,CHF,"2022-06-02 00:00:00"
Stripe,txn_3L4NAwCDtaz04brxTWp_f0,-1.03,CHF,"2022-06-02 00:00:00"
Stripe,txn_3L4NAwCDtaz04brxTWp,25.00,CHF,"2022-06-02 00:00:00"
Stripe,txn_3L4CAbCDtaz0iNVcsxk_f0,-1.03,CHF,"2022-06-01 00:00:00"
Stripe,txn_3L4CAbCDtaz0iNVcsxk,25.00,CHF,"2022-06-01 00:00:00"
Stripe,txn_3L4AUjCDtaz0MLj3Wl6_f0,-1.03,CHF,"2022-06-01 00:00:00"
Stripe,txn_3L4AUjCDtaz0MLj3Wl6,25.00,CHF,"2022-06-01 00:00:00"
Stripe,txn_3L45h5CDtaz0olxn1o8_f0,-1.03,CHF,"2022-06-01 00:00:00"
Stripe,txn_3L45h5CDtaz0olxn1o8,25.00,CHF,"2022-06-01 00:00:00"
Stripe,txn_3L442ECDtaz0wXG3P0M_f0,-21.18,CHF,"2022-06-01 00:00:00"
Stripe,txn_3L40BjCDts15DUWn,25.00,CHF,"2022-06-01 00:00:00"
Stripe,txn_3L40BjCDts15DUWn_f0,-1.03,CHF,"2022-06-01 00:00:00"
Stripe,txn_3L442ECDtaz0wXG3P0M,720.00,CHF,"2022-06-01 00:00:00"
Stripe,txn_3L3kDBCDtWhmmsnx_f0,-1.03,CHF,"2022-05-31 00:00:00"
Stripe,txn_3L3kDBCDtWhmmsnx,25.00,CHF,"2022-05-31 00:00:00"
Stripe,txn_3L6ceeCDtIWDrkk9,25.00,CHF,"2022-06-08 00:00:00"
Stripe,txn_3L6ceeCDtIWDrkk9_f0,-1.03,CHF,"2022-06-08 00:00:00"
Stripe,txn_3L6NDRCDtYdVddL5,468.00,CHF,"2022-06-07 00:00:00"
Stripe,txn_3L6NDRCDtYdVddL5_f0,-13.87,CHF,"2022-06-07 00:00:00"
Stripe,txn_3L5rL8CDtaz0bzCahdd,468.00,CHF,"2022-06-06 00:00:00"
Stripe,txn_1L62RICDtazKbTKYVOr,-6472.63,CHF,"2022-06-06 00:00:00"
Stripe,txn_3L5rL8CDtaz0bzCahdd_f0,-13.87,CHF,"2022-06-06 00:00:00"
Stripe,txn_3L5US6CDtaz0AcJhapJ,49.00,CHF,"2022-06-03 00:00:00"
Stripe,txn_3L5US6CDtaz0AcJhapJ_f0,-1.72,CHF,"2022-06-03 00:00:00"
Stripe,txn_3L5QetCDtM9izeKx,25.00,CHF,"2022-06-03 00:00:00"
Stripe,txn_3L5QetCDtM9izeKx_f0,-1.03,CHF,"2022-06-03 00:00:00"
Stripe,txn_3L5BtTCDtaz0GXITwp8,49.00,CHF,"2022-06-02 00:00:00"
Stripe,txn_3L5HPdCDtaz0CcJtOfM,25.00,CHF,"2022-06-02 00:00:00"
Stripe,txn_3L5BtTCDtaz0GXITwp8_f0,-1.72,CHF,"2022-06-02 00:00:00"
Stripe,txn_3L5HPdCDtaz0CcJtOfM_f0,-1.03,CHF,"2022-06-02 00:00:00"
Stripe,txn_3L8K1CCDtaz0ZCwsFyy_f0,-1.03,CHF,"2022-06-13 00:00:00"
Stripe,txn_3L8K1CCDtaz0ZCwsFyy,25.00,CHF,"2022-06-13 00:00:00"
Stripe,txn_3L8BRSCDth93IIaV,25.00,CHF,"2022-06-10 00:00:00"
Stripe,txn_3L88zpCDtaz0yqYSDns_f0,-1.03,CHF,"2022-06-10 00:00:00"
Stripe,txn_3L8BRSCDth93IIaV_f0,-1.03,CHF,"2022-06-10 00:00:00"
Stripe,txn_3L88zpCDtaz0yqYSDns,25.00,CHF,"2022-06-10 00:00:00"
Stripe,txn_3L85MtCDtgeCtVVi_f0,-1.72,CHF,"2022-06-10 00:00:00"
Stripe,txn_3L85MtCDtgeCtVVi,49.00,CHF,"2022-06-10 00:00:00"
Stripe,txn_3L7eXMCDtjCR09pu_f0,-1.72,CHF,"2022-06-09 00:00:00"
Stripe,txn_3L7eXMCDtjCR09pu,49.00,CHF,"2022-06-09 00:00:00"
Stripe,txn_3L7QFdCDtaLybqoU_f0,-1.03,CHF,"2022-06-09 00:00:00"
Stripe,txn_3L7QFdCDtaLybqoU,25.00,CHF,"2022-06-09 00:00:00"
Stripe,txn_3L7LoRCDtuCeF1sj_f0,-1.03,CHF,"2022-06-09 00:00:00"
Stripe,txn_3L7LoRCDtuCeF1sj,25.00,CHF,"2022-06-09 00:00:00"
Stripe,txn_3L7EK5CDtaz0dUG4pjl_f0,-1.72,CHF,"2022-06-09 00:00:00"
Stripe,txn_3L6wWsCDtaz0JkLIfbJ,25.00,CHF,"2022-06-09 00:00:00"
Stripe,txn_3L6tyzCDtaz04DRWGdt_f0,-0.74,CHF,"2022-06-09 00:00:00"
Stripe,txn_3L6wWsCDtaz0JkLIfbJ_f0,-1.03,CHF,"2022-06-09 00:00:00"
Stripe,txn_3L7EK5CDtaz0dUG4pjl,49.00,CHF,"2022-06-09 00:00:00"
Stripe,txn_3L6tyzCDtaz04DRWGdt,15.00,CHF,"2022-06-09 00:00:00"
